<?xml version="1.0" encoding="UTF-8" standalone="yes"?>
<addon id="plugin.video.animekun"
       name="Animekun"
       version="1.6.0"
       provider-name="BikeDreamer">
    <requires>
        <import addon="xbmc.python" version="2.1.0"/>
        <import addon="script.module.html5lib" version="0.999.0"/>
        <import addon="script.module.beautifulsoup4" version="4.3.1"/>
        <import addon="script.module.t0mm0.common" version="2.1.1"/>
        <import addon="script.module.httplib2" version="0.7.1.1"/>
		<import addon="script.module.urlresolver" version="2.2.0"/>
    </requires>
    <extension point="xbmc.python.pluginsource"
               library="default.py">
        <provides>video</provides>
    </extension>
    <extension point="xbmc.addon.metadata">
        <platform>all</platform>
        <summary>Watch videos from animekun.ru</summary>
        <description>Watch videos from animekun.ru</description>
    </extension>
</addon>
