﻿<?xml version="1.0" encoding="UTF-8" standalone="yes"?>
<addon id="repository.yurybubnov" name="yurybubnov addons" version="1.1.0" provider-name="yurybubnov">
	<extension point="xbmc.addon.repository" name="yurybubnov add-on repository">
		<info compressed="false">http://raw.github.com/yurybubnov/repository.yurybubnov/master/addons.xml</info>
		<checksum>http://raw.github.com/yurybubnov/repository.yurybubnov/master/addons.xml.md5</checksum>
		<datadir zip="true">http://github.com/yurybubnov/repository.yurybubnov/releases/download/1.1.0/</datadir>
	</extension>
</addon>